track_number,track_name,system,track_average_si_sdr_db,vocal_si_sdr_db,vocal_si_sir_db,vocal_si_sar_db,instrumental_si_sdr_db,instrumental_si_sir_db,instrumental_si_sar_db,input_audio_url,vocal_audio_url,instrumental_audio_url
1,The Districts - Vermont,Fadr,11.78,10.40,23.50,10.64,13.16,23.92,13.56,https://neuralsound.github.io/ai-vocal-remover-benchmark-2026/assets/benchmark-audio/01-the-districts-vermont/input-preview.mp3,https://neuralsound.github.io/ai-vocal-remover-benchmark-2026/assets/benchmark-audio/01-the-districts-vermont/fadr-vocals-preview.mp3,https://neuralsound.github.io/ai-vocal-remover-benchmark-2026/assets/benchmark-audio/01-the-districts-vermont/fadr-instrumental-preview.mp3
1,The Districts - Vermont,Moises,13.29,11.96,26.70,12.11,14.61,27.50,14.85,https://neuralsound.github.io/ai-vocal-remover-benchmark-2026/assets/benchmark-audio/01-the-districts-vermont/input-preview.mp3,https://neuralsound.github.io/ai-vocal-remover-benchmark-2026/assets/benchmark-audio/01-the-districts-vermont/moises-vocals-preview.mp3,https://neuralsound.github.io/ai-vocal-remover-benchmark-2026/assets/benchmark-audio/01-the-districts-vermont/moises-instrumental-preview.mp3
1,The Districts - Vermont,NeuralSound,14.36,13.01,29.76,13.11,15.70,28.84,15.92,https://neuralsound.github.io/ai-vocal-remover-benchmark-2026/assets/benchmark-audio/01-the-districts-vermont/input-preview.mp3,https://neuralsound.github.io/ai-vocal-remover-benchmark-2026/assets/benchmark-audio/01-the-districts-vermont/neuralsound-vocals-preview.mp3,https://neuralsound.github.io/ai-vocal-remover-benchmark-2026/assets/benchmark-audio/01-the-districts-vermont/neuralsound-instrumental-preview.mp3
2,The Long Wait - Back Home To Blue,Fadr,14.27,10.94,27.53,11.04,17.60,29.57,17.89,https://neuralsound.github.io/ai-vocal-remover-benchmark-2026/assets/benchmark-audio/02-the-long-wait-back-home-to-blue/input-preview.mp3,https://neuralsound.github.io/ai-vocal-remover-benchmark-2026/assets/benchmark-audio/02-the-long-wait-back-home-to-blue/fadr-vocals-preview.mp3,https://neuralsound.github.io/ai-vocal-remover-benchmark-2026/assets/benchmark-audio/02-the-long-wait-back-home-to-blue/fadr-instrumental-preview.mp3
2,The Long Wait - Back Home To Blue,Moises,16.81,13.53,34.98,13.57,20.09,34.67,20.24,https://neuralsound.github.io/ai-vocal-remover-benchmark-2026/assets/benchmark-audio/02-the-long-wait-back-home-to-blue/input-preview.mp3,https://neuralsound.github.io/ai-vocal-remover-benchmark-2026/assets/benchmark-audio/02-the-long-wait-back-home-to-blue/moises-vocals-preview.mp3,https://neuralsound.github.io/ai-vocal-remover-benchmark-2026/assets/benchmark-audio/02-the-long-wait-back-home-to-blue/moises-instrumental-preview.mp3
2,The Long Wait - Back Home To Blue,NeuralSound,18.93,15.65,40.05,15.67,22.21,38.63,22.31,https://neuralsound.github.io/ai-vocal-remover-benchmark-2026/assets/benchmark-audio/02-the-long-wait-back-home-to-blue/input-preview.mp3,https://neuralsound.github.io/ai-vocal-remover-benchmark-2026/assets/benchmark-audio/02-the-long-wait-back-home-to-blue/neuralsound-vocals-preview.mp3,https://neuralsound.github.io/ai-vocal-remover-benchmark-2026/assets/benchmark-audio/02-the-long-wait-back-home-to-blue/neuralsound-instrumental-preview.mp3
3,The Scarlet Brand - Les Fleurs Du Mal,Fadr,11.78,8.85,24.85,8.98,14.71,24.12,15.26,https://neuralsound.github.io/ai-vocal-remover-benchmark-2026/assets/benchmark-audio/03-the-scarlet-brand-les-fleurs-du-mal/input-preview.mp3,https://neuralsound.github.io/ai-vocal-remover-benchmark-2026/assets/benchmark-audio/03-the-scarlet-brand-les-fleurs-du-mal/fadr-vocals-preview.mp3,https://neuralsound.github.io/ai-vocal-remover-benchmark-2026/assets/benchmark-audio/03-the-scarlet-brand-les-fleurs-du-mal/fadr-instrumental-preview.mp3
3,The Scarlet Brand - Les Fleurs Du Mal,Moises,12.63,9.99,28.51,10.05,15.28,26.86,15.60,https://neuralsound.github.io/ai-vocal-remover-benchmark-2026/assets/benchmark-audio/03-the-scarlet-brand-les-fleurs-du-mal/input-preview.mp3,https://neuralsound.github.io/ai-vocal-remover-benchmark-2026/assets/benchmark-audio/03-the-scarlet-brand-les-fleurs-du-mal/moises-vocals-preview.mp3,https://neuralsound.github.io/ai-vocal-remover-benchmark-2026/assets/benchmark-audio/03-the-scarlet-brand-les-fleurs-du-mal/moises-instrumental-preview.mp3
3,The Scarlet Brand - Les Fleurs Du Mal,NeuralSound,13.51,10.59,30.15,10.65,16.43,28.65,16.70,https://neuralsound.github.io/ai-vocal-remover-benchmark-2026/assets/benchmark-audio/03-the-scarlet-brand-les-fleurs-du-mal/input-preview.mp3,https://neuralsound.github.io/ai-vocal-remover-benchmark-2026/assets/benchmark-audio/03-the-scarlet-brand-les-fleurs-du-mal/neuralsound-vocals-preview.mp3,https://neuralsound.github.io/ai-vocal-remover-benchmark-2026/assets/benchmark-audio/03-the-scarlet-brand-les-fleurs-du-mal/neuralsound-instrumental-preview.mp3
4,The So So Glos - Emergency,Fadr,10.13,7.05,20.79,7.28,13.22,21.33,13.98,https://neuralsound.github.io/ai-vocal-remover-benchmark-2026/assets/benchmark-audio/04-the-so-so-glos-emergency/input-preview.mp3,https://neuralsound.github.io/ai-vocal-remover-benchmark-2026/assets/benchmark-audio/04-the-so-so-glos-emergency/fadr-vocals-preview.mp3,https://neuralsound.github.io/ai-vocal-remover-benchmark-2026/assets/benchmark-audio/04-the-so-so-glos-emergency/fadr-instrumental-preview.mp3
4,The So So Glos - Emergency,Moises,11.52,8.53,24.30,8.66,14.52,24.66,14.97,https://neuralsound.github.io/ai-vocal-remover-benchmark-2026/assets/benchmark-audio/04-the-so-so-glos-emergency/input-preview.mp3,https://neuralsound.github.io/ai-vocal-remover-benchmark-2026/assets/benchmark-audio/04-the-so-so-glos-emergency/moises-vocals-preview.mp3,https://neuralsound.github.io/ai-vocal-remover-benchmark-2026/assets/benchmark-audio/04-the-so-so-glos-emergency/moises-instrumental-preview.mp3
4,The So So Glos - Emergency,NeuralSound,12.31,9.32,26.86,9.41,15.30,25.88,15.71,https://neuralsound.github.io/ai-vocal-remover-benchmark-2026/assets/benchmark-audio/04-the-so-so-glos-emergency/input-preview.mp3,https://neuralsound.github.io/ai-vocal-remover-benchmark-2026/assets/benchmark-audio/04-the-so-so-glos-emergency/neuralsound-vocals-preview.mp3,https://neuralsound.github.io/ai-vocal-remover-benchmark-2026/assets/benchmark-audio/04-the-so-so-glos-emergency/neuralsound-instrumental-preview.mp3
5,The Wrong'Uns - Rothko,Fadr,14.97,12.87,29.20,12.98,17.08,30.71,17.28,https://neuralsound.github.io/ai-vocal-remover-benchmark-2026/assets/benchmark-audio/05-the-wronguns-rothko/input-preview.mp3,https://neuralsound.github.io/ai-vocal-remover-benchmark-2026/assets/benchmark-audio/05-the-wronguns-rothko/fadr-vocals-preview.mp3,https://neuralsound.github.io/ai-vocal-remover-benchmark-2026/assets/benchmark-audio/05-the-wronguns-rothko/fadr-instrumental-preview.mp3
5,The Wrong'Uns - Rothko,Moises,18.11,15.99,36.98,16.02,20.22,37.31,20.31,https://neuralsound.github.io/ai-vocal-remover-benchmark-2026/assets/benchmark-audio/05-the-wronguns-rothko/input-preview.mp3,https://neuralsound.github.io/ai-vocal-remover-benchmark-2026/assets/benchmark-audio/05-the-wronguns-rothko/moises-vocals-preview.mp3,https://neuralsound.github.io/ai-vocal-remover-benchmark-2026/assets/benchmark-audio/05-the-wronguns-rothko/moises-instrumental-preview.mp3
5,The Wrong'Uns - Rothko,NeuralSound,19.88,17.74,41.21,17.76,22.02,43.00,22.05,https://neuralsound.github.io/ai-vocal-remover-benchmark-2026/assets/benchmark-audio/05-the-wronguns-rothko/input-preview.mp3,https://neuralsound.github.io/ai-vocal-remover-benchmark-2026/assets/benchmark-audio/05-the-wronguns-rothko/neuralsound-vocals-preview.mp3,https://neuralsound.github.io/ai-vocal-remover-benchmark-2026/assets/benchmark-audio/05-the-wronguns-rothko/neuralsound-instrumental-preview.mp3
